Doctor,Speciality,Location,Contact
Dr.Tanya,Muscular System,Pune,9945456389
Dr.Deepak,Digestive System,Mumbai,9865321254
Dr.Aishwarya,Respiratory System,Nashik,7898654521
Dr.Rohit,Reproductive Organs,Thane,8798653254
Dr.Manoj,Endocrine System,Pune,7565982325
Dr.Ashish,Circulatory System,Nagpur,9565287436
Dr.Anjali,Nervous System,Aurangabad,7798243626
Dr.Abhinav,Integumentary System,Delhi,9721543681
Dr.Niharika,Circulatory System,Pune,8080203656
Dr.Pavithra,Digestive System,Raigad,8894213607
Dr.Vinay,Endocrine System,Kolhapur,9103687459
Dr.Kalyani,Muscular System,Mumbai,7050563084
Dr.Mahima,Reproductive Organs,Mumbai,9074658236
Dr.Shashank,Nervous System,Chennai,8894632158
Dr. Kashyap,Integumentary System,Bangalore,9874557980
Dr. Joshi,Muscular System,Pune,8977045631
Dr. Singhaniya,Reproductive System,Delhi,8023448790
Dr. Kadam,Respiratory System,Chennai,9982748260
Dr. Gore,Circulatory System,Mumbai,9084618304
Dr. Oak,Endocrine System,Kolkata,9764325801
Dr. Yadav,Nervous System,Bhopal,8827364509
Dr. Singh,Digestive System,Chandigarh,8923509879
Dr. Srivastav,Muscular System,Thane,7987023433
Dr. Pharande,Endocrine System,Chinchwad,9801834952
Dr. Pathak,Reproductive System,Hyderabad,9230845334
Dr. Waghmare,Digestive System,Nagpur,8769564784
Dr. Deshpande,Muscular System,Pune,9856785623
Dr. Ingle,Reproductive System,Delhi,8241563473
Dr. Kale,Circulatory System,Mumbai,9637352176
Dr. Kulkarni,Endocrine System,Thane,7362417654
Dr. Khasbage,Integumentary System,Navi Mumbai,9645321765
Dr. Bedhmutha,Respiratory System,Nagpur,7652273217
Dr. Bahekar,Nervous System,Pune,9437612458
Dr. Chinchole,Reproductive System,Hyderabad ,8520741006
Dr. Kinge,Circulatory System,Akola,9423455674
Dr. Kinholkar,Nervous System,Pune,8275461234
Dr. Punkar,Muscular System,Bhopal,8866412375
Dr. Joshi,Digestive System,Delhi,9456123785
Dr. Iyer,Reproductive System,Chennai,8542731645
Dr. HPK,Reproductive System,Pune,9561645049